{
	"courses": [
		{
			"items": [
				{
					"attempts": [
						{
							"lesson_location": "",
							"suspend_data": "",
							"launch_data": "",
							"exit": "",
							"score": {
								"raw": -1,
								"max": -1,
								"min": -1
							},
							"masteryScore": -1,
							"lesson_status": "incomplete",
							"lesson_mode": "normal",
							"total_time": 0,
							"credit": "credit",
							"id": "8389b8c0-3d92-46dc-96e0-7342edae609f",
							"modified_date": "2024-02-12T20:19:15.095Z",
							"created_date": "2024-02-12T20:19:15.095Z"
						},
						{
							"lesson_location": "",
							"suspend_data": "",
							"launch_data": "",
							"exit": "",
							"score": {
								"raw": -1,
								"max": -1,
								"min": -1
							},
							"masteryScore": -1,
							"lesson_status": "incomplete",
							"lesson_mode": "normal",
							"total_time": 0,
							"credit": "credit",
							"id": "e83f364b-e176-4d36-a6ee-255af8c3f07e",
							"modified_date": "2024-02-12T20:20:24.624Z",
							"created_date": "2024-02-12T20:20:24.624Z"
						},
						{
							"lesson_location": "",
							"suspend_data": "Yuzzah",
							"launch_data": "",
							"exit": "",
							"score": {
								"raw": 84,
								"max": -1,
								"min": -1
							},
							"masteryScore": -1,
							"lesson_status": "passed",
							"lesson_mode": "normal",
							"total_time": 0,
							"credit": "credit",
							"id": "e8622e05-c49a-4e25-a883-2219c945061a",
							"modified_date": "2024-02-12T20:21:54.529Z",
							"created_date": "2024-02-12T20:21:54.529Z"
						},
						{
							"lesson_location": "",
							"suspend_data": "Huzzah",
							"launch_data": "",
							"exit": "logout",
							"score": {
								"raw": 81,
								"max": -1,
								"min": -1
							},
							"masteryScore": -1,
							"lesson_status": "completed",
							"lesson_mode": "normal",
							"total_time": 0,
							"credit": "credit",
							"id": "70ad34aa-c6f3-4e53-b73e-045739994057",
							"modified_date": "2024-02-12T20:22:22.761Z",
							"created_date": "2024-02-12T20:22:22.761Z"
						}
					],
					"sessions": [
						{
							"id": "eaa43850-500d-4249-ab5f-3efb64ec75a9",
							"attemptId": "8389b8c0-3d92-46dc-96e0-7342edae609f",
							"session_time": 0,
							"entry": "ab initio",
							"logs": [
								"Constructed Session from AttemptId 8389b8c0-3d92-46dc-96e0-7342edae609f"
							],
							"isFinsihed": false,
							"created_date": "2024-02-12T20:19:15.095Z"
						},
						{
							"id": "6eaca8ac-045b-4416-bd6b-3f8715987ab7",
							"attemptId": "e83f364b-e176-4d36-a6ee-255af8c3f07e",
							"session_time": 0,
							"entry": "ab initio",
							"logs": [
								"Constructed Session from AttemptId e83f364b-e176-4d36-a6ee-255af8c3f07e"
							],
							"isFinsihed": false,
							"created_date": "2024-02-12T20:20:24.624Z"
						},
						{
							"id": "c16160fb-65ee-47fe-a514-5622daa5b78f",
							"attemptId": "e8622e05-c49a-4e25-a883-2219c945061a",
							"session_time": 0,
							"entry": "ab initio",
							"logs": [
								"Constructed Session from AttemptId e8622e05-c49a-4e25-a883-2219c945061a"
							],
							"isFinsihed": false,
							"created_date": "2024-02-12T20:21:54.529Z"
						},
						{
							"id": "d91271d6-a306-4282-b3ee-3052c3e457db",
							"attemptId": "70ad34aa-c6f3-4e53-b73e-045739994057",
							"session_time": 0,
							"entry": "ab initio",
							"logs": [
								"Constructed Session from AttemptId 70ad34aa-c6f3-4e53-b73e-045739994057"
							],
							"isFinsihed": false,
							"created_date": "2024-02-12T20:22:22.761Z"
						},
						{
							"id": "25bf7f2c-edcd-4691-97aa-a5b666a36279",
							"attemptId": "70ad34aa-c6f3-4e53-b73e-045739994057",
							"session_time": 0,
							"entry": "ab initio",
							"logs": [
								"Constructed Session from AttemptId 70ad34aa-c6f3-4e53-b73e-045739994057"
							],
							"isFinsihed": false,
							"created_date": "2024-02-12T20:23:07.228Z"
						},
						{
							"id": "0818cc8c-7e24-4268-be05-e86f89aa485e",
							"attemptId": "70ad34aa-c6f3-4e53-b73e-045739994057",
							"session_time": 0,
							"entry": "ab initio",
							"logs": [
								"Constructed Session from AttemptId 70ad34aa-c6f3-4e53-b73e-045739994057"
							],
							"isFinsihed": false,
							"created_date": "2024-02-12T20:23:28.572Z"
						},
						{
							"id": "32abeadd-af89-4ace-8fd3-f73b94c53d80",
							"attemptId": "70ad34aa-c6f3-4e53-b73e-045739994057",
							"session_time": 0,
							"entry": "ab initio",
							"logs": [
								"Constructed Session from AttemptId 70ad34aa-c6f3-4e53-b73e-045739994057"
							],
							"isFinsihed": false,
							"created_date": "2024-02-13T12:18:59.278Z"
						},
						{
							"id": "a6201908-4827-4b1d-9cd8-8b1ed6cde50f",
							"attemptId": "70ad34aa-c6f3-4e53-b73e-045739994057",
							"session_time": 0,
							"entry": "ab initio",
							"logs": [
								"Constructed Session from AttemptId 70ad34aa-c6f3-4e53-b73e-045739994057"
							],
							"isFinsihed": false,
							"created_date": "2024-02-13T12:22:41.351Z"
						},
						{
							"id": "fa7e0b50-8669-4e22-8733-77ea496571f6",
							"attemptId": "70ad34aa-c6f3-4e53-b73e-045739994057",
							"session_time": 0,
							"entry": "ab initio",
							"logs": [
								"Constructed Session from AttemptId 70ad34aa-c6f3-4e53-b73e-045739994057"
							],
							"isFinsihed": false,
							"created_date": "2024-02-13T12:23:31.406Z"
						},
						{
							"id": "994a2192-e3c6-4922-a343-718070ed2d1d",
							"attemptId": "70ad34aa-c6f3-4e53-b73e-045739994057",
							"session_time": 0,
							"entry": "ab initio",
							"logs": [
								"Constructed Session from AttemptId 70ad34aa-c6f3-4e53-b73e-045739994057"
							],
							"isFinsihed": false,
							"created_date": "2024-02-13T12:24:34.678Z"
						},
						{
							"id": "45a9a1e3-181e-46e3-9280-99305d4abab1",
							"attemptId": "70ad34aa-c6f3-4e53-b73e-045739994057",
							"session_time": 0,
							"entry": "ab initio",
							"logs": [
								"Constructed Session from AttemptId 70ad34aa-c6f3-4e53-b73e-045739994057"
							],
							"isFinsihed": false,
							"created_date": "2024-02-13T13:39:08.109Z"
						},
						{
							"id": "5e9d6384-3801-41de-887a-52eedef3ebce",
							"attemptId": "70ad34aa-c6f3-4e53-b73e-045739994057",
							"session_time": 0,
							"entry": "ab initio",
							"logs": [
								"Constructed Session from AttemptId 70ad34aa-c6f3-4e53-b73e-045739994057"
							],
							"isFinsihed": false,
							"created_date": "2024-02-13T13:56:55.925Z"
						},
						{
							"id": "6a0dd0b7-625c-4af2-95a6-46c700d483aa",
							"attemptId": "70ad34aa-c6f3-4e53-b73e-045739994057",
							"session_time": 0,
							"entry": "ab initio",
							"logs": [
								"Constructed Session from AttemptId 70ad34aa-c6f3-4e53-b73e-045739994057"
							],
							"isFinsihed": false,
							"created_date": "2024-02-13T13:57:50.117Z"
						},
						{
							"id": "7d6ee56b-6c55-4c53-8d17-3d0568be8fe6",
							"attemptId": "70ad34aa-c6f3-4e53-b73e-045739994057",
							"session_time": 0,
							"entry": "ab initio",
							"logs": [
								"Constructed Session from AttemptId 70ad34aa-c6f3-4e53-b73e-045739994057"
							],
							"isFinsihed": false,
							"created_date": "2024-02-13T13:59:41.006Z"
						},
						{
							"id": "a3f2c800-c0b4-4713-a751-ae56bcfd4058",
							"attemptId": "70ad34aa-c6f3-4e53-b73e-045739994057",
							"session_time": 0,
							"entry": "ab initio",
							"logs": [
								"Constructed Session from AttemptId 70ad34aa-c6f3-4e53-b73e-045739994057"
							],
							"isFinsihed": false,
							"created_date": "2024-02-13T14:00:22.953Z"
						},
						{
							"id": "16cbab09-ef3f-4b25-97ae-82edafa26ef7",
							"attemptId": "70ad34aa-c6f3-4e53-b73e-045739994057",
							"session_time": 0,
							"entry": "ab initio",
							"logs": [
								"Constructed Session from AttemptId 70ad34aa-c6f3-4e53-b73e-045739994057"
							],
							"isFinsihed": false,
							"created_date": "2024-02-13T14:02:57.373Z"
						},
						{
							"id": "45b59596-92dc-42a4-812b-ddf35fc311da",
							"attemptId": "70ad34aa-c6f3-4e53-b73e-045739994057",
							"session_time": 0,
							"entry": "ab initio",
							"logs": [
								"Constructed Session from AttemptId 70ad34aa-c6f3-4e53-b73e-045739994057"
							],
							"isFinsihed": false,
							"created_date": "2024-02-13T17:58:49.479Z"
						},
						{
							"id": "ccb80670-4ff2-4c9d-8123-0428b54e1719",
							"attemptId": "70ad34aa-c6f3-4e53-b73e-045739994057",
							"session_time": 0,
							"entry": "ab initio",
							"logs": [
								"Constructed Session from AttemptId 70ad34aa-c6f3-4e53-b73e-045739994057"
							],
							"isFinsihed": false,
							"created_date": "2024-02-13T18:58:28.648Z"
						}
					],
					"settings": {
						"DataModelResetMode": 0,
						"NewWindow": false,
						"MaxSaveState": 4096
					},
					"id": "C256PESLE_I01"
				}
			],
			"id": "_Default"
		}
	]
}
